Study #,Study,1st author...3,Year...4,age (mean),female (%),high CV risk (%),DM (%),arm...9,target diastolic...10,target sistolic...11,lower SBP goal,higher SBP goal,target,ss_overall,ss_overall_kidney,ss_overall_ortho,ss_overall_falls,ss_overall_qol_phy,ss_overall_qol_ment,ss_overall_qolEQ,Type of analysis...22,...23,n randomized...24,n analyzed...25,nTOT_low,ACM_low,Effect measure...28,Adjusted/unadjusted...29,Variables adjusted for...30,Point estimate...31,LCI...32,UCI...33,CVM_low,Outcome definition...35,Effect measure...36,Adjusted/unadjusted...37,Variables adjusted for...38,Point estimate...39,LCI...40,UCI...41,MCVE_low,Outcome definition...43,Effect measure...44,Adjusted/unadjusted...45,Variables adjusted for...46,Point estimate...47,LCI...48,UCI...49,stroke_low,Outcome definition...51,Effect measure...52,Adjusted/unadjusted...53,Variables adjusted for...54,Point estimate...55,LCI...56,UCI...57,kidney_low,nTOT_kidney_low,Outcome definition...60,Effect measure...61,Adjusted/unadjusted...62,Variables adjusted for...63,Point estimate...64,LCI...65,UCI...66,syncope_low,Outcome definition...68,Effect measure...69,Adjusted/unadjusted...70,Variables adjusted for...71,Point estimate...72,LCI...73,UCI...74,ortho_low,nTOT_ortho_low,Outcome definition...77,Effect measure...78,Adjusted/unadjusted...79,Variables adjusted for...80,Point estimate...81,LCI...82,UCI...83,falls_low,nTOT_falls_low,Outcome definition...86,Effect measure...87,Adjusted/unadjusted...88,Variables adjusted for...89,Point estimate...90,LCI...91,UCI...92,qol_phy_type...93,nTOT_qol_phy_low,qol_phy_low,qol_phy_low_SD,qol_ment_type...97,nTOT_qol_ment_low,qol_ment_low,qol_ment_low_SD,nTOT_qol_EQ5D_low,qol_EQ5D_low,qol_EQ5D_low_SD,nTOT_qol_EQVAS_low,qol_EQVAS_low,qol_EQVAS_low_SD,systolic BP after treatment mean...107,systolic BP after treatment SD...108,diastolic BP after treatment mean...109,diastolic BP after treatment SD...110,...111,Study ID (Trial name/author,1st author...113,Year...114,arm...115,target diastolic...116,target sistolic...117,Type of analysis...118,...119,n randomized...120,n analyzed...121,nTOT_control,ACM_control,Effect measure...124,Adjusted/unadjusted...125,Variables adjusted for...126,Point estimate...127,LCI...128,UCI...129,CVM_control,Outcome definition...131,Effect measure...132,Adjusted/unadjusted...133,Variables adjusted for...134,Point estimate...135,LCI...136,UCI...137,MCVE_control,Outcome definition...139,Effect measure...140,Adjusted/unadjusted...141,Variables adjusted for...142,Point estimate...143,LCI...144,UCI...145,stroke_control,Outcome definition...147,Effect measure...148,Adjusted/unadjusted...149,Variables adjusted for...150,Point estimate...151,LCI...152,UCI...153,kidney_control,nTOT_kidney_control,Outcome definition...156,Effect measure...157,Adjusted/unadjusted...158,Variables adjusted for...159,Point estimate...160,LCI...161,UCI...162,syncope_control,Outcome definition...164,Effect measure...165,Adjusted/unadjusted...166,Variables adjusted for...167,Point estimate...168,LCI...169,UCI...170,ortho_control,nTOT_ortho_control,Outcome definition...173,Effect measure...174,Adjusted/unadjusted...175,Variables adjusted for...176,Point estimate...177,LCI...178,UCI...179,falls_control,nTOT_falls_control,Outcome definition...182,Effect measure...183,Adjusted/unadjusted...184,Variables adjusted for...185,Point estimate...186,LCI...187,UCI...188,qol_phy_type...189,nTOT_qol_phy_control,qol_phy_control,qol_phy_control_SD,qol_ment_type...193,nTOT_qol_ment_control,qol_ment_control,qol_ment_control_SD,nTOT_qol_EQ5D_control,qol_EQ5D_control,qol_EQ5D_control_SD,nTOT_qol_EQVAS_control,qol_EQVAS_control,qol_EQVAS_control_SD,systolic BP after treatment mean...203,systolic BP after treatment SD...204,diastolic BP after treatment mean...205,diastolic BP after treatment SD...206,...207,RoB_ACM_D1,RoB_ACM_D2,RoB_ACM_D3,RoB_ACM_D4,RoB_ACM_D5,RoB_ACM_Overall,RoB_CVM_D1,RoB_CVM_D2,RoB_CVM_D3,RoB_CVM_D4,RoB_CVM_D5,RoB_CVM_Overall,RoB_MCVE_D1,RoB_MCVE_D2,RoB_MCVE_D3,RoB_MCVE_D4,RoB_MCVE_D5,RoB_MCVE_Overall,RoB_stroke_D1,RoB_stroke_D2,RoB_stroke_D3,RoB_stroke_D4,RoB_stroke_D5,RoB_stroke_Overall,RoB_kidney_D1,RoB_kidney_D2,RoB_kidney_D3,RoB_kidney_D4,RoB_kidney_D5,RoB_kidney_Overall,RoB_syncope_D1,RoB_syncope_D2,RoB_syncope_D3,RoB_syncope_D4,RoB_syncope_D5,RoB_syncope_Overall,RoB_ortho_D1,RoB_ortho_D2,RoB_ortho_D3,RoB_ortho_D4,RoB_ortho_D5,RoB_ortho_Overall,RoB_falls_D1,RoB_falls_D2,RoB_falls_D3,RoB_falls_D4,RoB_falls_D5,RoB_falls_Overall,RoB_qol_phy_D1,RoB_qol_phy_D2,RoB_qol_phy_D3,RoB_qol_phy_D4,RoB_qol_phy_D5,RoB_qol_phy_Overall,RoB_qol_ment_D1,RoB_qol_ment_D2,RoB_qol_ment_D3,RoB_qol_ment_D4,RoB_qol_ment_D5,RoB_qol_ment_Overall,RoB_qol_EQ5D_D1,RoB_qol_EQ5D_D2,RoB_qol_EQ5D_D3,RoB_qol_EQ5D_D4,RoB_qol_EQ5D_D5,RoB_qol_EQ5D_Overall,RoB_qol_EQVAS_D1,RoB_qol_EQVAS_D2,RoB_qol_EQVAS_D3,RoB_qol_EQVAS_D4,RoB_qol_EQVAS_D5,RoB_qol_EQVAS_Overall
2,"Toto et al., 1995",Toto,1995,56,38,36,0,1,65 ? DBP ? 80,NR,NA,NA,,77,77,0,0,0,0,0,ITT,,42,42,42,1,NR,,,,,,NR,NR,NR,,,,,,NR,NR,,,,,,,NR,NR,,,,,,,4,42,50% decline in GFR or doubled serum creatinine (from baseline),NR,,,,,,NR,,NR,,,,,,NR,,,NR,,,,,,NR,,,NR,,,,,,,,,,,,,,,,,,,,133,3,81,1,,Toto et al,Toto,1995,2,85 ? DBP ? 95,NR,ITT,,35,35,35,0,NR,,,,,,NR,NR,NR,,,,,,NR,NR,,,,,,,NR,NR,,,,,,,5,35,50% decline in GFR or doubled serum creatinine (from baseline),NR,,,,,,NR,,NR,,,,,,NR,,,NR,,,,,,NR,,,NR,,,,,,,,,,,,,,,,,,,,138,2,87,1,,Some concerns,Low,High,Low,Some concerns,High,,,,,,,,,,,,,,,,,,,Some concerns,Low,High,Low,Some concerns,High,,,,,,,,,,,,,,,,,,,,,,,,,,,,,,,,,,,,,,,,,,
3,"HOT, 1998",Hansson,1998,62,47,6,8,1,80-85,NA,NA,NA,,18790,0,0,0,0,0,0,NR,,12526,12526,12526,401,RR,0,comp 85 vs 80,0.93,0.77,1.14,186,"If no obvious non-cardiovascular
cause of death was identified, the death was subsequently
classified as cardiovascular.",RR,0,85 vs 80,0.93,0.7,1.24,451,"1. all (fatal and nonfatal)
myocardial infarctions, all (fatal and non-fatal) strokes, and
all other cardiovascular deaths.1",RR,0,85 vs 80,1.08,0.89,1.29,200,"1. fatal/non fatal unequivocal signs or symptoms of remaining neurological deficit, with a sudden onset and a duration of more than 24 h.",RR,0,,1.24,0.94,1.64,NR,,,,,,,,,NR,,,,,,,,NR,,,,,,,,,NR,,,,,,,,,,,,,,,,,,,,,,,NA,NA,NA,NA,,HOT-Study,Hansson,1998,2,?90,NA,NR,,6264,6264,6264,188,RR,0,comp 90 vs 85,0.97,0.79,1.19,87,"If no obvious non-cardiovascular cause of death was identified, the death was subsequently
classified as cardiovascular.",RR,0,90 vs 85,0.97,0.72,1.3,232,"1. all (fatal and nonfatal) myocardial infarctions, all (fatal and non-fatal) strokes, and all other cardiovascular deaths.",RR,0,90 vs 85,0.99,0.83,1.19,94,"1. fatal/non fatal . unequivocal signs or symptoms of remaining neurological deficit, with a sudden onset and a duration of more than 24 h.",RR,0,,0.85,0.64,1.11,NR,,,,,,,,,NR,,,,,,,,NR,,,,,,,,,,,,,,,,,,,,,,,,,,,,,,,,140,12,81,5,,Low,High,Some concerns,Low,Some concerns,High,Low,High,Some concerns,Low,Some concerns,High,Low,High,Some concerns,Low,Some concerns,High,Low,High,Some concerns,Low,Some concerns,High,,,,,,,,,,,,,,,,,,,,,,,,,,,,,,,,,,,,,,,,,,,,,,,,
4,"UKPDS-38, 1998",Turner,1998,56,45,NA,100,1,85,150,150,180,150,1148,1148,0,0,0,0,0,ITT,,758,758,758,134,RR,0,NR,0.82,0.63,1.08,NR,NR,NR,,,,,,107,"Fatal or non fatal MI, sudden death",RR,0,NR,0.79,0.59,1.07,38,NR,RR,0,NR,0.56,0.35,0.89,8,758,Renal failure dialysis and/or plasma creatinine > 250 btmol/1 not ascribable to any acute intercurrent illness.,RR,0,NR,0.58,0.15,2.21,NR,,NR,,,,,,NR,,,NR,,,,,,NR,,,NR,,,,,,,,,,,,,,,,,,,,144,14,82,7,,UKPDS-38_Trial,Turner,1998,2,105,180,ITT,,390,390,390,83,RR,0,NR,0.82,0.63,1.08,NR,NR,NR,,,,,,69,"Fatal or non fatal MI, sudden death",RR,0,NR,0.79,0.59,1.07,34,NR,RR,0,NR,0.56,0.35,0.89,7,390,Renal failure dialysis and/or plasma creatinine > 250 btmol/1 not ascribable to any acute intercurrent illness.,RR,0,NR,0.58,0.15,2.21,NR,,NR,,,,,,NR,,,NR,,,,,,NR,,,NR,,,,,,,,,,,,,,,,,,,,154,16,87,7,,Low,Low,Low,Low,Low,Low,,,,,,,Low,Low,Low,Low,Low,Low,Low,Low,Low,Low,Low,Low,Low,Low,High,Low,Low,High,,,,,,,,,,,,,,,,,,,,,,,,,,,,,,,,,,,,,,,,,,
5,"ABCD, 2000",Estacio,2000,58,33,23,100,1,75,NR,NA,NA,,470,0,0,0,0,0,0,ITT,,237,237,237,13,NR,,,,,,NR,,,,,,,,33,"MI, cerebrovascular accidents or CV death",NR,,,,,,NR,,,,,,,,NR,,NR,NR,,,,,,NR,,,,,,,,NR,,,,,,,,,NR,,,,,,,,,,,,,,,,,,,,,,,132,NR,78,NR,last 2 columns from haranek et al,ABCD(H)-Trial,Estacio,2000,2,80-89,NR,ITT,,233,233,233,25,NR,,,,,,NR,,,,,,,,29,"MI, cerebrovascular accidents or CV death",NR,,,,,,NR,,,,,,,,NR,,NR,NR,,,,,,NR,,,,,,,,NR,,,,,,,,,NR,,,,,,,,,,,,,,,,,,,,,,,138,NR,86,NR,,Low,Low,Low,Low,Low,Low,,,,,,,Low,Low,Low,Some concerns,Low,Some concerns,,,,,,,,,,,,,,,,,,,,,,,,,,,,,,,,,,,,,,,,,,,,,,,,,,,,,,
6,"AASK, 2002",Wright,2002,55,39,NA,0,1,?92 (Mean arterial pressure),,NA,NA,,1094,1094,0,0,1094,1094,0,ITT,,540,540,540,38,NR,,,,,,16,NR,NR,,,,,,71,No definition of major CV events provided,NR,,,,,,26,NR,,,,,,,121,540,"Doubling of serum creatinine level or ESRD, defined as need for renal
replacement therapy (initiation of dialysis or receipt of a kidney transplant)",HR,1,"Baseline log proteinuria, Age, Sex, Baseline mean arterial pressure, History of heart disease, Randomized drug assignment",0.91,0.71,1.18,NR,,,,,,,,NR,,,,,,,,,NR,,,,,,,,,SF36 (change from baseline),540,-0.31,9.06,SF36 (change from baseline),540,0.19,9.76,,,,,,,128,12,78,8,,AASK-Trial,Wright,2002,2,102 - 107 (Mean arterial pressure),,ITT,,554,554,554,47,NR,,,,,,15,NR,NR,,,,,,78,No definition of major CV events provided,NR,,,,,,29,NR,,,,,,,125,554,,HR,1,"Baseline log proteinuria, Age, Sex, Baseline mean arterial pressure, History of heart disease, Randomized drug assignment",0.91,0.71,1.18,NR,,,,,,,,NR,,,,,,,,,NR,,,,,,,,,SF36 (change from baseline),554,-1.13,8.94,SF36 (change from baseline),554,-0.41,9.65,,,,,,,141,12,85,7,"most outcomes: bp achieved,   from ""effects of bp lowering and AHT drug class on progression of HTN kidney disease: results from AASK Trial"" by Jackson T. Wright as 1st author, co-author - Agodoa",Low,Low,Low,Low,Some concerns,Some concerns,Low,Low,Low,High,Some concerns,High,Low,Low,Low,High,Some concerns,High,Low,Low,Low,High,Some concerns,High,Low,Low,Low,Low,Some concerns,Some concerns,,,,,,,,,,,,,,,,,,,Low,Low,Low,High,Some concerns,High,Low,Low,Low,High,Some concerns,High,,,,,,,,,,,,
7,"REIN-2, 2005",Ruggenenti,2005,54,25,NA,0,1,<80 mm?Hg,<130 mm?Hg,<130,NA,129,335,335,0,0,0,0,0,ITT,,169,167,167,2,NR,NR,,,,,NR,NR,NR,,,,,,NR,,,,,,,,NR,NR,NR,,,,,,38,167,end-stage renal disease,HR,1,"sex, age, mean arterial pressure, concentration in serum of creatinine, and log-transformed 24-h proteinuria",1,0.61,1.64,NR,NR,NR,,,,,,NR,,NR,NR,,,,,,NR,,NR,,,,,,,,,,,,,,,,,,,,,130,11,80,5,,REIN-2_Trial,Ruggenenti,2005,2,<90 mm?Hg,NR,ITT,,169,168,168,3,NR,NR,,,,,NR,NR,NR,,,,,,NR,,,,,,,,NR,NR,NR,,,,,,34,168,end-stage renal disease,HR,1,"sex, age, mean arterial pressure, concentration in serum of creatinine, and log-transformed 24-h proteinuria",1,0.61,1.64,NR,NR,NR,,,,,,NR,,NR,NR,,,,,,NR,,NR,,,,,,,,,,,,,,,,,,,,,134,13,82,7,,Low,Some concerns,Some concerns,Low,Some concerns,Some concerns,,,,,,,,,,,,,,,,,,,Low,Some concerns,Low,High,Some concerns,High,,,,,,,,,,,,,,,,,,,,,,,,,,,,,,,,,,,,,,,,,,
8,"JATOS, 2008",JATOS Study Group,2008,74,61,3,12,1,NA,<140,<140,140-159,139,4418,4418,0,0,0,0,0,ITT,,2212,2212,2212,54,NR,,,,,,6,NR,NR,,,,,,26,"2 Cardiac and vascular disease (MI, angina pectoris, congestive heart failure, obstructive arterial disease, abdominal aortic rupture, aortic aneurysm enlargement, sudden death)
 
2 Cardiac abd vascular disease",NR,,,,,,52,1. fatal/non fatal,NR,,,,,,8,2212,Renal failure,NR,,,,,,NR,,,,,,,,NR,,,,,,,,,NR,,,,,,,,,,,,,,,,,,,,,,,136,12,75,9,,JATOS-Trial,JATOS Study Group,2008,2,NA,?140 - <160,ITT,,2206,2206,2206,42,NR,,,,,,4,NR,NR,,,,,,28,"2 Cardiac and vascular disease (MI, angina pectoris, congestive heart failure, obstructive arterial disease, abdominal aortic rupture, aortic aneurysm enlargement, sudden death)
 
2 Cardiac abd vascular disease",NR,,,,,,49,1. fatal/non fatal,NR,,,,,,9,2206,Renal failure,NR,,,,,,NR,,,,,,,,NR,,,,,,,,,NR,,,,,,,,,,,,,,,,,,,,,,,146,11,78,9,,Low,Low,Some concerns,Low,Low,Some concerns,Low,Low,Some concerns,Low,Low,Some concerns,Low,Low,Some concerns,Low,Low,Some concerns,Low,Low,Some concerns,Low,Low,Some concerns,Low,Low,Some concerns,Low,Low,Some concerns,,,,,,,,,,,,,,,,,,,,,,,,,,,,,,,,,,,,,,,,,,
9,"CARDIO-SIS, 2009",Verdecchia,2009,67,59,12,0,1,NA,<130,<130,<140,129,1111,0,0,0,0,0,0,ITT,,558,558,558,4,HR,0,,0.77,0.21,2.88,NR,,,,,,,,27,"1. Death from any cause, MI, stroke, TIA, atrial fibrillation, admission for heart failure, angina, or coronary revascularisation*",HR,0,,0.55,0.31,0.79,4,1. stroke or TIA,HR,0,NR,0.44,0.13,1.42,NR,,,,,,,,,NR,,,,,,,,NR,,,,,,,,,NR,,,,,,,,,,,,,,,,,,,,,,,132,NR,77,NR,,CARDIO-SIS_Trial,Verdecchia,2009,2,NA,<140,ITT,,553,553,553,5,HR,0,,0.77,0.21,2.88,NR,,,,,,,,52,"1. Death from any cause, MI, stroke, TIA, atrial fibrillation, admission for heart failure, angina, or coronary revascularisation*",HR,0,,0.55,0.31,0.79,9,any Stroke (fatal/nonfatal),HR,0,NR,0.44,0.13,1.42,NR,,,,,,,,,NR,,,,,,,,NR,,,,,,,,,NR,,,,,,,,,,,,,,,,,,,,,,,136,NR,79,NR,,Low,Low,Low,Low,Low,Low,,,,,,,Low,Low,Low,Low,Low,Low,Low,Low,Low,Low,Low,Low,,,,,,,,,,,,,,,,,,,,,,,,,,,,,,,,,,,,,,,,,,,,,,,,
10,"ACCORD, 2010",Cushman,2010,62,48,34,100,1,NA,<120,<120,<140,119,4733,4733,3702,3099,0,0,0,ITT,,2362,2362,2362,150,HR,1,"previous CV event, site (stratification)",1.07,0.85,1.35,60,"Fatal MI, congestive heart failure, documented arrhythmia, death after invasive cardiovascular interventions, death after noncardiovascular surgery, fatal stroke, unexpected death presumed to be due to ischemic CVD occurring <24 hours after the onset of symptoms, and death due to other vascular diseases (e.g., pulmonary emboli, abdominal aortic aneurysm rupture)",HR,1,"previous CV event, site (stratification)",1.06,0.74,1.52,208,"1. composite of nonfatal myocardial infarction, nonfatal stroke, or death from cardiovascular
causes",HR,1,"previous CV event, site (stratification)",0.88,0.73,1.06,36,"focal neurologic deficit that lasts >24 hours, associated with evidence of brain infarction or hemorrhage by computed tomography, MRI, or autopsy",HR,1,"previous CV event, site (stratification)",0.59,0.39,0.89,59,2362,"Development of renal failure as defined by renal transplantation or initiation of
dialysis or a rise in serum creatinine > 3.3 mg/dl in the absence of an acute
reversible cause",NR,,,,,,12,NR,NR,,,,,,223,1830,decline in SBP ?20 mmHg or a decline in DBP ?10 mmHg from sitting to standing,NR,,,,,,307,1534,"Fallen or landed on the floor or ground, or fallen and hit an
object like a table or stair",OR,1,"All models were adjusted for randomized treatment assignment in the glycemia trial, history of CVD at baseline, and study year for the falls analysis",0.94,0.84,1.05,,,,,,,,,,,,,,,119,119-120 (95% CI),64,64-65 (95% CI),,ACCORD,Cushman,2010,2,NA,<140,ITT,,2371,2371,2371,144,HR,1,"previous CV event, site (stratification)",1.07,0.85,1.35,58,"Fatal MI, congestive heart failure, documented arrhythmia, death after invasive cardiovascular interventions, death after noncardiovascular surgery, fatal stroke, unexpected death presumed to be due to ischemic CVD occurring <24 hours after the onset of symptoms, and death due to other vascular diseases (e.g., pulmonary emboli, abdominal aortic aneurysm rupture)",HR,1,"previous CV event, site (stratification)",1.06,0.74,1.52,237,"nonfatal myocardial infarction, nonfatal stroke, or death from cardiovascular
causes",HR,1,"previous CV event, site (stratification)",0.88,0.73,1.06,62,"focal neurologic deficit that lasts >24 hours, associated with evidence of brain infarction or hemorrhage by computed tomography, MRI, or autopsy",HR,1,"previous CV event, site (stratification)",0.59,0.39,0.89,58,2371,"Development of renal failure as defined by renal transplantation or initiation of
dialysis or a rise in serum creatinine > 3.3 mg/dl in the absence of an acute
reversible cause",NR,,,,,,5,NR,NR,,,,,,252,1872,decline in SBP ?20 mmHg or a decline in DBP ?10 mmHg from sitting to standing,NR,,,,,,329,1565,"Fallen or landed on the floor or ground, or fallen and hit an
object like a table or stair",OR,1,"All models were adjusted for randomized treatment assignment in the glycemia trial, history of CVD at baseline, and study year for the falls analysis",0.94,0.84,1.05,,,,,,,,,,,,,,,134,133-134 (95% CI),71,70-71 (95% CI),,Low,Low,Low,Low,Low,Low,Low,Low,Low,Low,Low,Low,Low,Low,Low,Low,Low,Low,Low,Low,Some concerns,Low,Low,Some concerns,Low,Low,Some concerns,Some concerns,Low,Some concerns,Low,Low,Some concerns,High,Low,High,Low,Low,Some concerns,Some concerns,Low,Some concerns,Low,Low,Low,High,Low,High,,,,,,,,,,,,,,,,,,,,,,,,
11,"VALISH, 2010",Ogihara T,2010,76,62,7,13,1,NA,<140,<140,140-149,139,3079,3079,0,0,0,0,0,"ITT. In addition, a per-protocol analysis was performed.",,1627,1545,1545,24,HR,yes,"sex, age, BMI, smoking, dyslipidemia, diabetes mellitus, and antihypertensive agents used before enrollment",0.78,0.46,1.33,11,,HR,yes,"sex, age, BMI, smoking, dyslipidemia, diabetes mellitus, and antihypertensive agents used before enrollment",0.97,0.42,2.25,NR,NR,HR,1,"sex, age, BMI, smoking, dyslipidemia, diabetes mellitus, and antihypertensive agents used before enrollment",1.23,0.33,4.56,16,fatal or nonfatal stroke excluding transient ischemic attacks,HR,1,"sex, age, BMI, smoking, dyslipidemia, diabetes mellitus, and antihypertensive agents used before enrollment",0.68,0.36,1.29,5,1545,"Renal insufficiency. doubling of serum creatinine to a
level 2.0 mg per 100 mL or introduction of dialysis)",HR,1,"sex, age, BMI, smoking, dyslipidemia, diabetes mellitus, and antihypertensive agents used before enrollment",2.45,0.48,12.64,NR,,NR,,,,,,NR,,,NR,,,,,,NR,,,NR,,,,,,,,,,,,,,,,,,,,137,13,75,9,,VALISH trial,Ogihara T,2010,2,NA,>=140 mm Hg to <150 mm Hg,"ITT. In addition, a per-protocol analysis was performed.",,1633,1534,1534,30,HR,yes,"sex, age, BMI, smoking, dyslipidemia, diabetes mellitus, and antihypertensive agents used before enrollment",0.78,0.46,1.33,11,,HR,yes,"sex, age, BMI, smoking, dyslipidemia, diabetes mellitus, and antihypertensive agents used before enrollment",0.97,0.42,2.25,NR,NR,HR,1,"sex, age, BMI, smoking, dyslipidemia, diabetes mellitus, and antihypertensive agents used before enrollment",1.23,0.33,4.56,23,fatal or nonfatal stroke excluding transient ischemic attacks,HR,1,"sex, age, BMI, smoking, dyslipidemia, diabetes mellitus, and antihypertensive agents used before enrollment",0.68,0.36,1.29,2,1534,"Renal insufficiency. doubling of serum creatinine to a
level 2.0 mg per 100 mL or introduction of dialysis)",HR,1,"sex, age, BMI, smoking, dyslipidemia, diabetes mellitus, and antihypertensive agents used before enrollment",2.45,0.48,12.64,NR,,NR,,,,,,NR,,,NR,,,,,,NR,,,NR,,,,,,,,,,,,,,,,,,,,142,13,77,9,,Some concerns,Low,Some concerns,Low,Low,Some concerns,Some concerns,Low,Some concerns,Low,Low,Some concerns,,,,,,,Some concerns,Low,Some concerns,Low,Low,Some concerns,Some concerns,Low,Some concerns,Low,Low,Some concerns,,,,,,,,,,,,,,,,,,,,,,,,,,,,,,,,,,,,,,,,,,
12,"HOMED-BP, 2012",Asayama,2012,60,50,3,15,1,<80,<125,<125,125-134,124,3518,0,0,0,0,0,0,ITT,,1759,1759,1759,27,HR,1,"co-variables in adjusted model were randomization group and baseline characteristics: sex, age, body mass index, current smoking and drinking, history of cardiovascular disease, diabetes mellitus and hypercholesterolemia.In fully adjusted models, the baseline home blood pressure was additionally adjusted for the home blood pressure during follow-up and vice versa",1.25,0.97,1.6,NR,,,,,,,,57,"composite of cardiovascular death, non-fatal stroke and non-fatal myocardial infarction +  TIA, angina pectoris, heart failure and peripheral arterial disease",HR,1,"co-variables in adjusted model were randomization group and baseline characteristics: sex, age, body mass index, current smoking and drinking, history of cardiovascular disease, diabetes mellitus and hypercholesterolemia.",1.44,1.21,1.72,20,Non fatal,HR,1,"co-variables in adjusted model were randomization group and baseline characteristics: sex, age, body mass index, current smoking and drinking, history of cardiovascular disease, diabetes mellitus and hypercholesterolemia.",1.53,1.14,2.05,NR,,,,,,,,,NR,,,,,,,,NR,,,,,,,,,NR,,,,,,,,,,,,,,,,,,,,,,,NR,NR,NR,10,,HOMED-BP_Trial,Asayama,2012,2,80-84,125-134,ITT,,1759,1759,1759,31,HR,1,"co-variables in adjusted model were randomization group and baseline characteristics: sex, age, body mass index, current smoking and drinking, history of cardiovascular disease, diabetes mellitus and hypercholesterolemia.In fully adjusted models, the baseline home blood pressure was additionally adjusted for the home blood pressure during follow-up and vice versa",,0.97,1.6,NR,,,,,,,,49,"composite of cardiovascular death, non-fatal stroke and non-fatal myocardial infarction +  TIA, angina pectoris, heart failure and peripheral arterial disease",HR,1,"co-variables in adjusted model were randomization group and baseline characteristics: sex, age, body mass index, current smoking and drinking, history of cardiovascular disease, diabetes mellitus and hypercholesterolemia.",1.44,1.21,1.72,16,Non fatal,HR,1,"co-variables in adjusted model were randomization group and baseline characteristics: sex, age, body mass index, current smoking and drinking, history of cardiovascular disease, diabetes mellitus and hypercholesterolemia.",1.53,1.14,2.05,NR,,,,,,,,,NR,,,,,,,,NR,,,,,,,,,NR,,,,,,,,,,,,,,,,,,,,,,,NR,NR,NR,10,,Low,Low,Low,Low,Low,Low,,,,,,,Low,Low,Low,Low,Low,Low,Low,Low,Low,Low,Low,Low,,,,,,,,,,,,,,,,,,,,,,,,,,,,,,,,,,,,,,,,,,,,,,,,
13,"SPS3, 2013",SPS 3 study group,2013,63,37,100,37,1,NA,less than 130 mm Hg,<130,130-149,129,3020,0,3020,3020,0,0,0,ITT,,1501,1501,1501,106,HR,0,,1.03,0.79,1.35,36,,HR,0,,0.86,0.55,1.35,160,"defined as major CV events in the trial, no further explanation",HR,0,,0.84,0.68,1.04,125,fatal/non fatal,HR,0,,0.81,0.64,1.03,NR,,,NR,,,,,,11,Orthostatic syncope,HR,0,,2.18,0.76,6.27,355,1501,Unsteadiness when standing,OR,,,1.09,0.92,1.29,3,1501,falls with injury,HR,0,,,,,,,,,,,,,,,,,,,138,NR,NR,NR,Mean SBP at 4 ys (mean FU),SPS3-Trial,SPS 3 study group,2013,2,NA,130�149 mm Hg,ITT,,1519,1519,1519,101,HR,0,,1.03,0.79,1.35,41,,HR,0,,0.86,0.55,1.35,188,NR,HR,0,,0.84,0.68,1.04,152,fatal/non fatal,HR,0,,0.81,0.64,1.03,NR,,,NR,,,,,,5,Orthostatic syncope,HR,0,,2.18,0.76,6.27,375,1519,Unsteadiness when standing,OR,,,1.09,0.92,1.29,0,1519,falls with injury,HR,0,,,,,,,,,,,,,,,,,,,125,NR,NR,NR,Mean SBP at 4 ys (mean FU),Low,Low,Low,Low,Low,Low,Low,Low,High,Low,Low,High,Low,Low,Low,Low,Low,Low,Low,Low,Low,Low,Low,Low,,,,,,,Low,Low,High,High,Low,High,Low,Low,Low,High,Low,High,Low,Low,High,High,Low,High,,,,,,,,,,,,,,,,,,,,,,,,
14,"Wei et al., 2013",Wei Y,2013,77,34,7,23,1,<=90,<=140,140,150,140,724,0,0,724,0,0,0,ITT,,363,363,363,51,,,,,,,25,,,,,,,,40,"composite  of
fatal/nonfatal stroke, acute myocardial infarction, and
other cardiovascular deaths (sudden death and heart
failure death).",NR,,,,,,21,"fatal/nonfatal stroke. proper diagnosis of stroke required
both neurological examinations and craniocervical
computed tomography, and/or magnetic resonance
imaging.",NR,,,,,,,,,,,,,,,NR,,NR,,,,,,NR,,,NR,,,,,,3,363,cases of femoral fracture,NR,,,,,,,,,,,,,,,,,,,,136,9,76,6,,Wei et al,Wei Y,2013,2,<=90,<=150,ITT,,361,361,361,87,,,,,,,50,,,,,,,,67,All cardiovascular events,NR,,,,,,36,"fatal/nonfatal stroke. proper diagnosis of stroke required
both neurological examinations and craniocervical
computed tomography, and/or magnetic resonance
imaging.",NR,,,,,,NR,,,NR,,,,,,NR,,NR,,,,,,NR,,,NR,,,,,,5,361,cases of femoral fracture,NR,,,,,,,,,,,,,,,,,,,,150,11,82,8,,Some concerns,Low,Low,Low,Some concerns,Some concerns,Some concerns,Low,Low,Low,Some concerns,Some concerns,Some concerns,Low,Low,Low,Some concerns,Some concerns,Some concerns,Low,Low,Low,Some concerns,Some concerns,,,,,,,,,,,,,,,,,,,Some concerns,Low,Low,High,Some concerns,High,,,,,,,,,,,,,,,,,,,,,,,,
15,"SPRINT, 2015",SPRINT Research Group,2015,68,36,76,0,1,NA,<120,<120,<140,119,9361,6677,9361,9361,2565,2563,0,ITT,,4678,4678,4678,155,HR,0,,0.73,0.6,0.9,37,,HR,0,,0.57,0.38,0.85,243,"1. myocardial infarction, acute coro
 nary
 syndrome not resulting in myocardial infarction,  stroke, acute decompensated heart  failure, or death from cardiovascular causes.",HR,0,,0.83,0.64,1.09,62,fatal and non fatal,HR,0,NR,0.89,0.63,1.25,127,3332,measured on pts without CKD at baseline (n: 3332)?30% reduction in estimated GFR to <60 ml/ min/1.73 m2,HR,0,,3.49,2.44,5.1,163,,HR,0,,1.44,NR,NR,839,4678,"Orthostatic hypertension was defined as a drop in systolic blood pressure of at least 20 mm Hg or in diastolic blood pressure of at least10 mm Hg at 1 minute after the participant stood up, as compared with the value obtained when the participant was seated. + dizziness.",NR,,,,,,334,4678,An injurious fall was defined as a fall that resulted in evaluation in an emergency department or that resulted in hospitalization,HR,0,,100,NR,NR,Veterans RAND 12-Item Health Survey (VR-12) (mean annual change),1287,-0.23,1.46,Veterans RAND 12-Item Health Survey (VR-12) (mean annual change),1286,0.15,1.46,,,,,,,122,NR,NR,NR,,SPRINT-Trial,SPRINT Research Group,2015,2,NA,<140,ITT,,4683,4683,4683,210,HR,0,,0.73,0.6,0.9,65,,HR,0,,0.57,0.38,0.85,319,"1. myocardial infarction, acute coro
 nary
 syndrome not resulting in myocardial in
 farction,
 stroke, acute decompensated heart
 failure, or death from cardiovascular causes.",HR,0,,0.83,0.64,1.09,70,fatal and non fatal,HR,0,NR,0.89,0.63,1.25,37,3345,,HR,0,,3.49,2.44,5.1,113,,HR,0,,1.44,NR,NR,928,4683,"Orthostatic hypertension was defined as a drop in systolic blood pressure of at least 20 mm Hg or in diastolic blood pressure of at least10 mm Hg at 1 minute after the participant stood up, as compared with the value obtained when the participant was seated. + dizziness",NR,,,,,,332,4683,An injurious fall was defined as a fall that resulted in evaluation in an emergency department or that resulted in hospitalization,HR,0,,1,NR,NR,Veterans RAND 12-Item Health Survey (VR-12) (mean annual change),1278,-0.23,1.46,Veterans RAND 12-Item Health Survey (VR-12) (mean annual change),1277,0.14,1.64,,,,,,,135,NR,NR,NR,,Low,Low,Low,Low,Low,Low,Low,Low,Low,Low,Low,Low,Low,Low,Low,Low,Low,Low,Low,Low,Low,Low,Low,Low,Low,Low,Low,Low,Low,Low,Low,Low,Low,High,Low,High,Low,Low,Low,High,Low,High,Low,Low,Low,High,Low,High,Low,Low,Low,High,Low,High,Low,Low,Low,High,Low,High,,,,,,,,,,,,
16,"PAST-BP, 2016",Mant J,2016,72,41,100,10,1,,"< 130 , (or by 10 mmHg if the baseline  is between 125 and 140 mmHg)",< 130,<140,129,529,0,0,529,0,0,0,,,266,266,266,2,NR,,,,,,NR,,,,,,,,1,"1.composite of fatal and non-fatal stroke, myocardial infarction or fatal coronary heart disease and other cardiovascular death]",NR,,,,,,NR,,NR,,,,,,NR,,,NR,,,,,,NR,,NR,,,,,,NR,,,NR,,,,,,2,266,falls related to hospital admissions ( maybe underestimated),,,,,,,,,,,,,,,,,,,,,127,15,72,9,,PAST-BP_Trial,Mant J,2016,2,,<140,,,263,263,263,1,NR,,,,,,NR,,,,,,,,5,"composite of fatal and non-fatal stroke, myocardial infarction or fatal coronary heart disease and other cardiovascular death],
all cause mortality, cognitive function [21] and hospital admissions",NR,,,,,,NR,,NR,,,,,,NR,,,NR,,,,,,NR,,NR,,,,,,NR,,,NR,,,,,,2,263,falls related to hospital admissions ( maybe underestimated),,,,,,,,,,,,,,,,,,,,,129,15,74,9,,Low,Low,Low,Low,Low,Low,,,,,,,Low,Low,Low,Some concerns,Low,Some concerns,,,,,,,,,,,,,,,,,,,,,,,,,Low,Low,Low,High,Low,High,,,,,,,,,,,,,,,,,,,,,,,,
17,"PODCAST, 2017",Bath,2017,74,23,100,20,1,NA,<125,<125,<140,124,80,0,0,80,0,0,80,ITT,,41,39,39,4,,,,,,,,,,,,,,,1,,,,,,,,1,,,,,,,,,,,,,,,,,,,,,,,,,,,,,,,,,,7,39,,,,,,,,,,,,,,,,39,0.7,0.2,39,69,22,,,,,,PODCAST - Trial,Bath,2017,2,NA,<140,ITT,,42,41,41,3,,,,,,,,,,,,,,,4,,,,,,,,3,,,,,,,,,,,,,,,,,,,,,,,,,,,,,,,,,,4,41,,,,,,,,,,,,,,,,41,0.7,0.2,41,73.2,14.5,,,,,,Low,Low,Low,Low,Low,Low,,,,,,,Low,Low,Some concerns,Low,Low,Some concerns,Low,Low,Some concerns,Low,Low,Some concerns,,,,,,,,,,,,,,,,,,,Low,Low,Some concerns,High,Low,High,,,,,,,,,,,,,Low,Low,Some concerns,High,Low,High,Low,Low,Some concerns,High,Low,High
18,"INFINITY, 2019",White WB,2019,81,54,39,16,1,,<=130,130,145,130,199,0,0,199,0,0,0,ITT,,99,99,99,2,NR,,,,,,1,NR,NR,,,,,,4,"composite of major non-fatal cardiovascular events (non-fatal myocardial infarction, non-fatal stroke, hospitalizations for arrhythmia, heart failure, unstable angina, coronary revascularization, transient ischemic attack ascertained by hospital source records),k",RR,0,,0.24,0.08,0.68,1,NR,NR,,,,,,NR,,,NR,,,,,,4,Syncope/pre-syncope,,,,,,,NR,,,NR,,,,,,35,99,4 Falls with Injury; 31 without,,,,,,,,,,,,,,,,,,,,,133,NR,NR,NR,,White et al,White WB,2019,2,,<=145,ITT,,100,100,100,4,NR,,,,,,1,NR,NR,,,,,,17,,RR,0,,0.24,0.08,0.68,2,NR,NR,,,,,,,,,,,,,,,4,Syncope/pre-syncope,,,,,,,NR,,,NR,,,,,,37,100,5 Falls with Injury; 32 without,,,,,,,,,,,,,,,,,,,,,146,NR,NR,NR,,Some concerns,Low,Low,Low,Low,Some concerns,Some concerns,Low,Low,High,Some concerns,High,Some concerns,Low,Low,High,Some concerns,High,Some concerns,Low,Low,High,Some concerns,High,,,,,,,Some concerns,Low,Low,High,Some concerns,High,,,,,,,Some concerns,Low,Low,High,Some concerns,High,,,,,,,,,,,,,,,,,,,,,,,,
19,"RESPECT, 2019",Kitagawa,2019,67,31,15,23,1,80,120,120,140,120,1263,1263,0,0,0,0,0,ITT,,633,633,633,30,HR,0,,0.8,0.49,1.29,NR,,,,,,,,46,"composite of Cardiovascular death, non-fatal stroke, and non-fatal myocardiali nfarction",HR,0,,0.76,0.52,1.12,39,"TOAST classification. NR if also fatal stroke considered. Clinically defined as a focal neurological deficit persisting for longer than 24 hours, as confirmed by magnetic resonance imagingor computed tomography",HR,0,,0.73,0.49,1.11,6,633,"Renal impairment (Evidence based CKD treatment guideline 2009)
1. Proteinuria (with secretion of urinary microalbumin), GFR <60 mL/min/1.73m2, 607 Chronic kidney disease, established renal disease (diabetic nephropathy, renal failure etc.) 
2. Renal function abnormality (serum creatinine more than 2.0 mg/dL)",,,,NR,,,6,Syncope/dizziness,NR,,,,,,NR,,,NR,,,,,,NR,,,NR,,,,,,,,,,,,,,,,,,,,127,NR,77,NR,,RESPECT,Kitagawa,2019,2,90,140,ITT,,630,630,630,37,HR,0,,0.8,0.49,1.29,NR,,,,,,,,59,"Cardiovascular death, non-fatal stroke, and non-fatal myocardiali nfarction",HR,0,,0.76,0.52,1.12,52,"Clinically defined as a focal neurological deficit persisting for longer than 24 hours, as confirmed by magnetic resonance imagingor computed tomography",HR,0,,0.73,0.49,1.11,1,630,"Renal impairment (Evidence based CKD treatment guideline 2009)
1. Proteinuria (with secretion of urinary microalbumin), GFR <60 mL/min/1.73m2, 607 Chronic kidney disease, established renal disease (diabetic nephropathy, renal failure etc.) 
2. Renal function abnormality (serum creatinine more than 2.0 mg/dL)",,,,NR,,,4,Syncope/dizziness,NR,,,,,,NR,,,NR,,,,,,NR,,,NR,,,,,,,,,,,,,,,,,,,,133,NR,78,NR,,Low,Low,Low,Low,Low,Low,,,,,,,Low,Low,Low,Low,Low,Low,Low,Low,Low,Low,Low,Low,Low,Low,Some concerns,Low,Low,Some concerns,Low,Low,Some concerns,High,Low,High,,,,,,,,,,,,,,,,,,,,,,,,,,,,,,,,,,,,
20,"Wu et al., 2019",Wu,2019,54,40,24,32,1,,100 < SBP ? 120,100-119,120-139,119,397,0,0,0,0,0,0,PP,,198,188,198,NR,NR,,,,,,NR,,NR,,,,,,NR,,NR,,,,,,6,All strokes,NR,,,,,,NR,,,NR,,,,,,NR,,NR,,,,,,NR,,,NR,,,,,,NR,,,NR,,,,,,,,,,,,,,,,,,,,109,10,NR,NR,,Wu et al,Wu,2019,2,,120 < SBP ? 140,PP,,199,192,199,NR,NR,,,,,,NR,,NR,,,,,,NR,,NR,,,,,,5,All strokes,NR,,,,,,NR,,,NR,,,,,,NR,,NR,,,,,,NR,,,NR,,,,,,NR,,,NR,,,,,,,,,,,,,,,,,,,,133,10,NR,NR,,,,,,,,,,,,,,,,,,,,Low,Some concerns,Some concerns,High,Some concerns,High,,,,,,,,,,,,,,,,,,,,,,,,,,,,,,,,,,,,,,,,,,,,,,,,
21,"PRESERVE, 2021",Markus,2021,69,57,4,2,1,NA,<125,<125,<140,124,111,0,111,111,0,0,0,ITT,,55,55,55,1,NR,,,NR,,,NR,,NR,,,,,,NR,,NR,,,,,,3,non fatal 2,NR,,,,,,NR,,,,,,,,,NR,,NR,,,,,,27,55,"postural-related 
dizziness",OR,0,,0.67,0.3,1.52,21,55,,OR,0,,0.54,0.22,1.31,,,,,,,,,,,,,,,NR,NR,NR,NR,,PRESERVE-Trial,Markus,2021,2,NA,< 140,ITT,,56,56,56,2,NR,,,NR,,,NR,,NR,,,,,,NR,,NR,,,,,,3,non fatal 2,NR,,,,,,NR,,,,,,,,,NR,,NR,,,,,,22,56,"postural-related 
dizziness",OR,0,,0.67,0.3,1.52,14,56,,OR,0,,0.54,0.22,1.31,,,,,,,,,,,,,,,NR,NR,NR,NR,,Low,Low,High,Low,Low,High,,,,,,,,,,,,,Low,Low,Low,Low,Low,Low,,,,,,,,,,,,,Low,Low,Low,High,Low,High,Low,Low,Low,High,Low,High,,,,,,,,,,,,,,,,,,,,,,,,
22,"STEP, 2021",Zhang,2021,66,53,61,19,1,NA,110 - <130,110-129,130-149,119.5,8511,8198,0,8511,0,0,0,ITT,,4243,4243,4243,67,HR,0,,1.11,0.78,1.56,18,,HR,1,"competing
 risk of death",0.72,0.39,1.32,147,"1. stroke (ischemic or hemorrhagic),
 acute coronary syndrome (acute myocardial
 infarction and hospitalization for unstable
 angina), acute decompensated heart failure, coronary
 revascularization, atrial fibrillation, or death
 from cardiovascular causes",HR,1,"competing
 risk of death Per clinical site",0.72,0.56,0.93,48,fatal and non fatal,HR,1,"competing
 risk of death",0.67,0.47,0.97,55,4081,"?30% reduction to <60 ml/min/1.73 m2 in
 patients without chronic kidney disease
 at baseline (n:4081)",RR,0,,0.9,0.63,1.3,6,"transient loss of consciousness due to transient global cerebral hypoperfusion characterized by rapid onset, shortduration, and spontaneous complete recovery.",RR,0,0,3.02,0.61,14.97,NR,,,,,,,,,15,4243,fractures,RR,0,,0.79,0.4,1.56,,,,,,,,,,,,,,,127,NR,76,NR,,STEP-Trial,Zhang,2021,2,NA,130 - <150,ITT,,4268,4268,4268,64,HR,0,,1.11,0.78,1.56,25,,HR,1,"competing
 risk of death",0.72,0.39,1.32,196,"acute coronary syndrome, stroke (ischemic or hemorrhagic),
 acute coronary syndrome (acute myocardial
 infarction and hospitalization for unstable
 angina), acute decompensated heart failure, coronary
 revascularization, atrial fibrillation, or death
 from cardiovascular causes",HR,1,"competing
 risk of death Per clinical site",0.72,0.56,0.93,71,fatal and non fatal,HR,1,"competing
 risk of death",0.67,0.47,0.97,61,4117,"?30% reduction to <60 ml/min/1.73 m2 in
 patients without chronic kidney disease
 at baseline (n:4117)",RR,0,,0.9,0.63,1.3,2,,RR,0,0,3.02,0.61,14.97,NR,,,,,,,,,19,4268,fractures,RR,0,,0.79,0.4,1.56,,,,,,,,,,,,,,,136,NR,79,NR,,Low,Low,Some concerns,Low,Low,Some concerns,Low,Low,Some concerns,Low,Low,Some concerns,Low,Low,Low,Low,Low,Low,Low,Low,Some concerns,Low,Low,Some concerns,Low,Low,Some concerns,Low,Low,Some concerns,Low,Low,Some concerns,High,Low,High,,,,,,,Low,Low,Some concerns,High,Low,High,,,,,,,,,,,,,,,,,,,,,,,,
23,"Zhao et al., 2023",Zhao,2023,70,39,33,26,1,NA,120 - 129,120-129,130-140,124.5,126,0,0,126,0,0,0,NR,,58,NR,58,2,NR,,,,,,NR,NR,NR,,,,,,NR,NR,NR,,,,,,2,1. cerebral infarction and hemorage,NR,,,,,,NR,,NR,NR,,,,,,NR,NR,NR,,,,,,NR,,NR,,,,,,,1,58,Fall seizure,NR,,,,,,,,,,,,,,,,,,,,126,2,74,6,,Zhao et al�,Zhao,2023,2,NA,130 - 140,NR,,68,NR,68,0,NR,,,,,,NR,NR,NR,,,,,,NR,NR,NR,,,,,,1,cerebral infarction,NR,,,,,,NR,,NR,NR,,,,,,NR,NR,NR,,,,,,NR,,NR,,,,,,,0,68,Fall seizure,NR,,,,,,,,,,,,,,,,,,,,134,3,76,7,,Some concerns,High,Some concerns,Low,Some concerns,High,,,,,,,,,,,,,Some concerns,High,Some concerns,High,Some concerns,High,,,,,,,,,,,,,,,,,,,Some concerns,High,Some concerns,High,Some concerns,High,,,,,,,,,,,,,,,,,,,,,,,,
24,"BPROAD, 2024",Bi,2024,64,45,23,100,1,NA,<120,<120,<140,119,12821,11851,12821,12821,0,0,0,ITT,,6414,6414,6414,169,HR,0,,0.95,0.77,1.17,60,Death from cardiovascular causes,HR,0,,0.76,0.55,1.04,393,"1. primary outcome: nonfatal stroke, nonfatal MI, treatment or hospitalization for heart failure, or death from cardiovascular causes",HR,0,,0.79,0.69,0.9,284,1. fatal and non fatal strokes,HR,0,NR,0.79,0.67,0.92,232,5913,,,,,,,,10,,HR,0,,1,0.41,2.39,55,6414,,,,,,,,69,6414,,,,,,,,,,,,,,,,,,,,,,NR,NR,NR,NR,,BPROAD-Trial,Bi,2024,2,NA,<140,ITT,,6407,6407,6407,179,HR,0,,0.95,0.77,1.17,79,Death from cardiovascular causes,HR,0,,0.76,0.55,1.04,492,1,HR,0,,0.79,0.69,0.9,356,any Stroke (fatal/nonfatal),HR,0,NR,0.79,0.67,0.92,214,5938,,,,,,,,10,,HR,0,,1,0.41,2.39,87,6407,,,,,,,,64,6407,,,,,,,,,,,,,,,,,,,,,,NR,NR,NR,NR,,Low,Low,Low,Low,Low,Low,Low,Low,Low,Low,Low,Low,Low,Low,Low,Low,Low,Low,Low,Low,Low,Low,Low,Low,Low,Low,Low,Low,Low,Low,Low,Low,Low,High,Low,High,Low,Low,Low,High,Low,High,Low,Low,Low,High,Low,High,,,,,,,,,,,,,,,,,,,,,,,,
25,"ESPRIT, 2024",Liu,2024,65,41,29,39,1,NA,<120,<120,<140,119,11255,11255,0,11255,0,0,0,ITT,,5624,5624,5624,160,HR,0,,0.79,0.64,0.97,59,death from CV causes,HR,0,,0.61,0.44,0.84,547,"1. composite of myocardial infarction, coronary or noncoronary revascularisation, hospitalisation or emergency room visit for heart failure, stroke, or death from cardiovascular causes",HR,0,,0.88,0.78,0.99,262,1. fatal/non fatal,HR,0,NR,0.86,0.73,1.02,169,5624,"composite outcome of end stage renal disease, a sustained decline in estimated glomerular filtration rate (eGFR) to <10 mL/min/1.73m2, or a sustained decline ?40% in eGFR from baseline. Before sensitivity analysis, kidney outcome- 169",HR,0,,1.7,1.33,2.17,26,Syncope was defined as the temporary loss of consciousness,HR,0,,2.17,1.09,4.3,NR,,,,,,,,,40,5624,An injurious fall was defined as a fall that resulted in evaluation in an emergency room or one that resulted in hospitalisation,HR,0,,1.21,0.77,1.92,,,,,,,,,,,,,,,121,14,69,9,info of BP values in appendix 24-26,ESPRIT-Trial,Liu,2024,2,NA,<140,ITT,,5631,5631,5631,203,HR,0,,0.79,0.64,0.97,97,death from CV causes,HR,0,,0.61,0.44,0.84,623,1,HR,0,,0.88,0.78,0.99,303,1. fatal/non fatal,HR,0,NR,0.86,0.73,1.02,102,5631,"composite outcome of end stage renal disease, a sustained decline in estimated glomerular filtration rate (eGFR) to <10 mL/min/1.73m2, or a sustained decline ?40% in eGFR from baseline.",HR,0,.,"1,70","1,33","2,17",12,Syncope was defined as the temporary loss of consciousness,,0,,2.17,1.09,4.3,NR,,,,,,,,,33,5631,An injurious fall was defined as a fall that resulted in evaluation in an emergency room or one that resulted in hospitalisation,HR,0,,1.21,0.77,1.92,,,,,,,,,,,,,,,134,14,74,10,,Low,Low,Low,Low,Low,Low,Low,Low,Low,Low,Low,Low,Low,Low,Low,Low,Low,Low,Low,Low,Low,Low,Low,Low,Low,Low,Low,Low,Low,Low,Low,Low,Low,High,Low,High,,,,,,,Low,Low,Low,High,Low,High,,,,,,,,,,,,,,,,,,,,,,,,
26,"Kim et al., 2024",Kim,2024,68,52,NA,17,1,NA,<130,<130,<140,129,128,0,0,0,0,0,0,ITT,,63,63,63,0,NR,0,,,,,0,CV deaths,NR,,,,,,0,"1 (composite of CV death, MI,
heart failure and AV replacement)",NR,,,,,,NR,NR,NR,,,,,,NR,,NR,NR,,,,,,NR,NR,NR,,,,,,NR,,NR,NR,,,,,,NR,,NR,NR,,,,,,,,,,,,,,,,,,,,128,12,73,9,,Kim et al,Kim,2024,2,NA,<140,ITT,,65,65,65,0,NR,0,,,,,0,,NR,,,,,,0,"1 (composite of CV death, MI,",NR,,,,,,NR,NR,NR,,,,,,NR,,NR,NR,,,,,,NR,NR,NR,,,,,,NR,,NR,NR,,,,,,NR,,NR,NR,,,,,,,,,,,,,,,,,,,,135,14,75,9,,,,,,,,,,,,,,,,,,,,,,,,,,,,,,,,,,,,,,,,,,,,,,,,,,,,,,,,,,,,,,,,,,,,,,,,,
