"Study","ACM_low","nTOT_low","ACM_control","nTOT_control","CVM_low","CVM_control","MCVE_low","MCVE_control","stroke_low","stroke_control","kidney_low","nTOT_kidney_low","kidney_control","nTOT_kidney_control","syncope_low","syncope_control","ortho_low","nTOT_ortho_low","ortho_control","nTOT_ortho_control","falls_low","nTOT_falls_low","falls_control","nTOT_falls_control","age (mean)","SBP_goal","Year...4"
"ACCORD, 2010",150,2362,144,2371,60,58,208,237,36,62,59,2362,58,2371,12,5,223,1830,252,1872,307,1534,329,1565,62,"<120",2010
"SPRINT, 2015",155,4678,210,4683,37,65,243,319,62,70,127,3332,37,3345,163,113,839,4678,928,4683,334,4678,332,4683,68,"<120",2015
"RESPECT, 2019",30,633,37,630,NA,NA,46,59,39,52,6,633,1,630,6,4,NA,NA,NA,NA,NA,NA,NA,NA,67,"<120",2019
"BPROAD, 2024",169,6414,179,6407,60,79,393,492,284,356,232,5913,214,5938,10,10,55,6414,87,6407,69,6414,64,6407,64,"<120",2024
"ESPRIT, 2024",160,5624,203,5631,59,97,547,623,262,303,169,5624,102,5631,26,12,NA,NA,NA,NA,40,5624,33,5631,65,"<120",2024
